_id,placeName,location latitude,location longitude,address street,address city,address state,address country,placeFeatures alcohol,placeFeatures smoking_area,placeFeatures dress_code,placeFeatures accessibility,placeFeatures price,placeFeatures franchise,placeFeatures area,placeFeatures otherServices,parkingArragements,acceptedPaymentModes,cuisines
132560,puesto de gorditas,23.7523041,-99.166913,frente al tecnologico,victoria,tamaulipas,Mexico,No_Alcohol_Served,permitted,informal,no_accessibility,low,f,open,none,public,cash,Regional
132561,cafe ambar,23.726819,-99.126506,?,?,?,Mexico,No_Alcohol_Served,none,informal,completely,low,f,closed,none,none,any,
132564,churchs,23.7309245,-99.145185,?,?,?,Mexico,No_Alcohol_Served,none,informal,completely,low,f,closed,none,none,any,
132572,Cafe Chaires,22.1416471,-100.99271,?,San Luis Potosi,San Luis Potosi,Mexico,No_Alcohol_Served,not permitted,informal,completely,low,f,closed,none,yes,cash,Cafeteria
132583,McDonalds Centro,18.9222904,-99.234332,Rayon sn col. Centro,Cuernavaca,Morelos,Mexico,No_Alcohol_Served,not permitted,informal,partially,low,t,closed,none,none,"cash, VISA, MasterCard-Eurocard, bank_debit_cards",American
132584,Gorditas Dona Tota,23.7523648,-99.165288,?,?,?,Mexico,No_Alcohol_Served,not permitted,informal,completely,medium,t,closed,none,yes,cash,Mexican
132594,tacos de barbacoa enfrente del Tec,23.7521677,-99.165709,?,?,?,Mexico,No_Alcohol_Served,not permitted,informal,completely,low,f,open,none,public,cash,Mexican
132608,Hamburguesas La perica,23.7588052,-99.16513,cd. mier,victoria,Tamaulipas,Mexico,No_Alcohol_Served,permitted,informal,completely,low,t,open,none,public,cash,Mexican
132609,Pollo_Frito_Buenos_Aires,23.7602683,-99.165865,tampico,victoria,Tamaulipas,Mexico,No_Alcohol_Served,not permitted,informal,completely,low,t,closed,none,yes,cash,Fast_Food
132613,carnitas_mata,23.7529035,-99.165076,lic. Emilio portes gil,victoria,Tamaulipas,Mexico,No_Alcohol_Served,permitted,informal,completely,medium,t,closed,none,yes,cash,Mexican
132626,la perica hamburguesa,23.7375834,-99.135132,?,victoria,tamaulipas,Mexico,No_Alcohol_Served,none,informal,completely,medium,t,closed,none,yes,"cash, American_Express",Italian
132630,palomo tec,23.7529305,-99.164473,blvrd emilio portes gil,victoria,tamaulipas,Mexico,No_Alcohol_Served,none,informal,completely,low,f,closed,none,none,any,Mexican
132654,Carnitas Mata Calle 16 de Septiembre,23.7355234,-99.129588,16 de Septiembre,victoria,tamaulipas,Mexico,No_Alcohol_Served,none,informal,completely,low,f,closed,none,none,any,
132660,carnitas mata calle Emilio Portes Gil,23.7529428,-99.164679,Emilio Portes Gil,victoria,tamaulipas,Mexico,No_Alcohol_Served,none,informal,completely,low,f,closed,none,none,any,
132663,tacos abi,23.7525107,-99.166954,?,victoria,tamaulipas,Mexico,No_Alcohol_Served,none,informal,completely,low,f,closed,none,none,any,Mexican
132665,TACOS CORRECAMINOS,23.7367977,-99.134241,?,victoria,tamaulipas,Mexico,No_Alcohol_Served,none,informal,completely,low,f,closed,none,none,any,Mexican
132667,little pizza Emilio Portes Gil,23.7526973,-99.163359,calle emilio portes gil,victoria,tamaulipas,Mexico,No_Alcohol_Served,none,informal,completely,low,t,closed,none,none,cash,Armenian
132668,TACOS EL GUERO,23.738212,-99.151955,?,victoria,tamaulipas,Mexico,No_Alcohol_Served,none,informal,completely,low,f,closed,none,none,any,Mexican
132706,Gorditas Dona Tota,23.7292162,-99.132357,Zaragoza entre Francisco Zarco y Lopez Velarde,Cd. Victoria,Tamaulipas,Mexico,No_Alcohol_Served,not permitted,informal,no_accessibility,medium,t,closed,none,public,"cash, VISA",Mexican
132715,tacos de la estacion,23.7324226,-99.15866,?,?,?,Mexico,No_Alcohol_Served,none,informal,no_accessibility,low,f,open,none,none,cash,Mexican
132717,tortas hawai,23.7318602,-99.150437,?,?,?,Mexico,No_Alcohol_Served,not permitted,informal,partially,medium,f,closed,none,public,cash,Fast_Food
132723,Gordas de morales,22.1489337,-101.01985,?,?,San Luis Potosi,Mexico,Full_Bar,section,informal,completely,medium,f,closed,none,public,"cash, VISA",Mexican
132732,Taqueria EL amigo,23.7543569,-99.171288,Calle Mezquite Fracc Framboyanes,Cd Victoria,Tamaulipas,Mexico,No_Alcohol_Served,none,casual,completely,low,f,open,none,none,cash,Mexican
132733,Little Cesarz,23.7527071,-99.162566,?,Ciudad Victoria,Tamaulipas,Mexico,No_Alcohol_Served,not permitted,informal,completely,medium,t,closed,none,yes,"cash, VISA, MasterCard-Eurocard, bank_debit_cards",Pizzeria
132740,Carreton de Flautas y Migadas,23.7521965,-99.166632,?,Ciudad Victoria,Tamaulipas,Mexico,No_Alcohol_Served,permitted,informal,completely,low,f,open,none,none,cash,Mexican
132754,Cabana Huasteca,22.1477379,-100.99062,Cuauhtemoc 455,San Luis Potosi,S.L.P.,Mexico,No_Alcohol_Served,none,informal,partially,medium,f,closed,none,none,cash,Mexican
132755,La Estrella de Dimas,22.153324,-101.01955,Av. de los Pintores,San Luis Potosi,S.L.P.,Mexico,No_Alcohol_Served,none,informal,partially,medium,f,closed,variety,public,"cash, VISA, American_Express, bank_debit_cards",Mexican
132766,Mikasa,18.9101777,-99.231544,Himno nacional esq. Blvd. Juarez,Cuernavaca,Morelos,Mexico,Wine-Beer,none,informal,no_accessibility,medium,f,closed,none,yes,cash,Japanese
132767,Restaurant Familiar El Chino,18.8820871,-99.163027,Paseo de las Fuentes,Jiutepec,Morelos,Mexico,Wine-Beer,permitted,casual,partially,medium,f,open,variety,yes,"cash, VISA, American_Express",Vietnamese
132768,Mariscos Tia Licha,18.9257734,-99.232636,avenida salvador montiel,cuernavaca,morelos,Mexico,No_Alcohol_Served,not permitted,casual,partially,medium,t,closed,none,none,"cash, bank_debit_cards",Family
132773,El cotorreo,18.8699929,-99.21032,Emiliano Zapata Col. Tres de Mayo,Cuernavaca,Morelos,Mexico,Wine-Beer,permitted,informal,no_accessibility,low,f,open,none,none,cash,"Family, Mexican"
132825,puesto de tacos,22.1473922,-100.98309,esquina santos degollado y leon guzman,s.l.p.,s.l.p.,Mexico,No_Alcohol_Served,none,informal,completely,low,f,open,none,none,cash,Mexican
132830,Rincon Huasteco,22.1508494,-100.93975,?,?,?,Mexico,No_Alcohol_Served,none,informal,completely,low,f,closed,none,none,any,
132834,Gorditas Doa Gloria,22.156469,-100.98554,sevilla y olmedo 715 a,san luis potosi,san luis potosi,Mexico,No_Alcohol_Served,not permitted,casual,no_accessibility,low,f,closed,none,public,cash,Mexican
132845,Cenaduria El Rincón de Tlaquepaque,22.1262926,-100.90078,av. seminario,san luis potosi,san luis potosi,Mexico,No_Alcohol_Served,none,informal,no_accessibility,medium,f,closed,none,none,cash,Mexican
132846,el lechon potosino,22.1422732,-100.94265,circuito oriente esq. carretera 57,san luis potosi,slp,Mexico,No_Alcohol_Served,permitted,casual,no_accessibility,low,f,open,none,none,cash,International
132847,don burguers,22.1443365,-100.93738,r.b. anaya esq. florencia,slp,slp,Mexico,No_Alcohol_Served,none,informal,no_accessibility,low,f,open,none,none,cash,
132851,KFC,22.136872,-100.93457,?,San Luis Potosi,San Luis Potosi,Mexico,No_Alcohol_Served,not permitted,informal,completely,low,f,closed,none,yes,cash,"American, Game"
132854,Sirlone,22.1378633,-100.93833,carr. mexico,San Luis Potosi,San Luis Potosi,Mexico,Wine-Beer,none,informal,completely,medium,f,closed,none,yes,"cash, VISA, bank_debit_cards",International
132856,Unicols Pizza,22.1513782,-100.97463,Plaza del Carmen,San Luis Potosi,San Luis Potosi,Mexico,Wine-Beer,none,informal,completely,low,f,closed,none,none,cash,Italian
132858,Hamburguesas Valle Dorado,22.1312917,-100.93719,Av. Coral,San Luis Potosi,San Luis Potosi,Mexico,No_Alcohol_Served,none,informal,completely,low,f,closed,none,none,cash,Burgers
132861,Carls Jr,22.1480965,-101.0173,Av. V. Carranza,San Luis Potosi,San Luis Potosi,Mexico,No_Alcohol_Served,not permitted,informal,completely,medium,t,closed,none,yes,"cash, VISA, MasterCard-Eurocard, American_Express, bank_debit_cards",Burgers
132862,La Posada del Virrey,22.1506429,-100.98701,Av. V. Carranza,San Luis Potosi,San Luis Potosi,Mexico,Wine-Beer,none,casual,completely,high,f,closed,none,valet parking,"cash, VISA, MasterCard-Eurocard, American_Express, bank_debit_cards",International
132866,Chaires,22.1412198,-100.93131,Ricardo B. Anaya,San Luis Potosi,San Luis Potosi,Mexico,No_Alcohol_Served,not permitted,informal,completely,medium,f,closed,none,yes,cash,"Bakery, Cafeteria"
132869,Dominos Pizza,22.1412384,-100.92393,Ricardo B. Anaya,San Luis Potosi,San Luis Potosi,Mexico,No_Alcohol_Served,not permitted,informal,no_accessibility,medium,f,closed,none,yes,cash,Pizzeria
132870,Tortas y hamburguesas el gordo,22.1430781,-100.93548,Ricardo B. Anaya,San Luis Potosi,San Luis Potosi,Mexico,No_Alcohol_Served,not permitted,informal,no_accessibility,low,f,closed,none,none,cash,Burgers
132872,Pizzeria Julios,22.1735955,-100.9946,?,s.l.p,mexico,Mexico,No_Alcohol_Served,not permitted,informal,partially,medium,f,closed,none,public,"cash, bank_debit_cards",American
132875,shi ro ie,22.1499013,-100.99378,?,?,?,Mexico,Wine-Beer,section,informal,no_accessibility,high,t,open,Internet,valet parking,"cash, VISA, MasterCard-Eurocard, American_Express, bank_debit_cards",Japanese
132877,sirloin stockade,22.1353639,-100.93495,?,?,?,Mexico,No_Alcohol_Served,none,informal,completely,low,f,closed,none,none,any,
132884,dairy queen,22.1395776,-101.02789,?,?,?,Mexico,No_Alcohol_Served,none,informal,completely,low,f,closed,none,none,any,
132885,Hamburguesas saul,22.1795169,-100.95844,Av. Saan Luis enttre moctezuma y salinas,San Luis Potosi,San Luis Potosi,Mexico,No_Alcohol_Served,none,informal,completely,low,f,closed,none,public,cash,Cafeteria
132921,crudalia,22.150305,-100.98913,?,?,?,Mexico,Wine-Beer,section,casual,completely,low,f,open,none,none,cash,Bar
132922,cafe punta del cielo,22.1511348,-100.98231,?,?,?,Mexico,No_Alcohol_Served,permitted,formal,completely,medium,f,closed,none,none,cash,Cafeteria
132925,el pueblito,22.1534997,-100.97624,?,?,?,Mexico,Wine-Beer,not permitted,informal,completely,medium,f,closed,none,none,cash,Mexican
132937,rockabilly,22.1500193,-100.97992,agustin de iturbide,san luis potosi,san luis potosi,Mexico,Full_Bar,section,informal,completely,low,f,closed,variety,none,cash,Bar
132951,VIPS,22.1544736,-100.98581,NICOLAS ZAPATA 300,San Luis Potosi,San Luis Potosi,Mexico,No_Alcohol_Served,not permitted,casual,completely,low,f,closed,none,yes,cash,American
132954,la parroquia,22.1603808,-100.98804,venustiano carranza,san luis potosi,san luis potosi,Mexico,No_Alcohol_Served,not permitted,informal,partially,medium,t,closed,none,yes,"cash, VISA, MasterCard-Eurocard, bank_debit_cards",Breakfast-Brunch
132955,emilianos,22.147622,-101.01027,venustiano carranza,san luis potos,mexico,Mexico,Wine-Beer,none,informal,completely,low,t,closed,variety,none,"cash, VISA, MasterCard-Eurocard, bank_debit_cards, Carte_Blanche",Bar_Pub_Brewery
132958,tacos los volcanes,22.1449787,-101.00568,avenida hivno nacional,san luis potosi,san luis potos,Mexico,No_Alcohol_Served,none,informal,completely,low,t,closed,none,none,"cash, VISA, MasterCard-Eurocard, American_Express, bank_debit_cards",American
134975,Rincon del Bife,18.940828,-99.215426,?,?,?,Mexico,Full_Bar,section,informal,completely,high,f,closed,variety,valet parking,"cash, VISA, MasterCard-Eurocard, Discover",
134976,Log Yin,18.916654,-99.22711,?,?,?,Mexico,No_Alcohol_Served,none,informal,no_accessibility,low,f,closed,none,yes,"VISA, MasterCard-Eurocard, American_Express, checks","Mexican, Mediterranean, Burgers"
134983,Restaurant and Bar and Clothesline Carlos N Charlies,18.948657,-99.235361,Domingo 10 711 El Empleado,Cuernavaca,Morelos,Mexico,Full_Bar,section,informal,no_accessibility,high,f,closed,none,yes,"cash, VISA, MasterCard-Eurocard","Bar, Bar_Pub_Brewery"
134986,Restaurant Las Mananitas,18.928798,-99.239513,Ricardo Linares 107,Cuernavaca,Morelos,Mexico,Wine-Beer,none,formal,no_accessibility,high,f,closed,none,yes,any,International
134987,Chilis Cuernavaca,18.932725,-99.225211,Rio Mayo Colonia Vista Hermosa Esq. Rio Balsas,Cuernavaca,Morelos,Mexico,Wine-Beer,none,informal,no_accessibility,medium,f,closed,none,none,cash,
134992,Restaurant Teely,18.936683,-99.247366,La Pradera,Cuernavaca,Morelos,Mexico,Wine-Beer,section,casual,no_accessibility,high,f,closed,none,yes,"cash, VISA, MasterCard-Eurocard",
134996,Sanborns Casa Piedra,18.923429,-99.216413,Lomas del Mirador,Cuernavaca,Morelos,Mexico,Wine-Beer,only at bar,informal,no_accessibility,medium,t,closed,Internet,yes,cash,
134999,Kiku Cuernavaca,18.915421,-99.184871,Revolucion,Cuernavaca,Morelos,Mexico,No_Alcohol_Served,none,informal,no_accessibility,medium,f,closed,none,none,any,Japanese
135000,Restaurant los Pinos,18.870565,-99.226938,Federal Mexico - Acapulco 10 3 de Mayo,Cuernavaca,Morelos,Mexico,No_Alcohol_Served,none,informal,no_accessibility,medium,f,closed,none,none,cash,
135001,Vips,18.941859,-99.241927,Emiliano Zapata No. 825 Tlaltenongo,Cuernavaca,Morelos,Mexico,Wine-Beer,none,informal,completely,medium,t,closed,none,yes,"cash, VISA, MasterCard-Eurocard, American_Express",
135011,Los Vikingos,18.91061,-99.169539,36 Sur Civac,Jiutepec,Morelos,Mexico,No_Alcohol_Served,none,informal,no_accessibility,medium,t,closed,none,none,cash,
135013,Giovannis,18.917441,-99.165945,40 Norte Civac 1RA. Seccion,Jiutepec,Morelos,Mexico,No_Alcohol_Served,none,informal,no_accessibility,low,f,closed,none,none,cash,
135016,Arrachela Grill,18.869347,-99.209944,69 Tres De Mayo,Cuernavaca,Morelos,Mexico,No_Alcohol_Served,none,informal,no_accessibility,medium,f,closed,none,none,cash,
135018,El Oceano Dorado,18.859803,-99.222164,Libramiento Burgos Colonia Las Animas,Cuernavaca,Morelos,Mexico,Full_Bar,permitted,informal,completely,medium,f,open,variety,yes,"cash, VISA, MasterCard-Eurocard, bank_debit_cards",Mexican
135019,Restaurant Bar Coty y Pablo,18.875011,-99.159422,Paseo de Las Fuentes 24 Pedregal de Las Fuentes,Jiutepec,Morelos,Mexico,No_Alcohol_Served,none,informal,completely,low,f,closed,none,none,any,Bar
135021,Subway,18.933537,-99.222497,Rio Mayo 17 Vista Hermosa,Cuernavaca,Morelos,Mexico,No_Alcohol_Served,not permitted,informal,no_accessibility,low,t,closed,none,public,cash,Fast_Food
135025,El Rincon de San Francisco,22.14955,-100.97797,1a. de Lozada 1,San Luis Potosi,SLP,Mexico,No_Alcohol_Served,none,informal,no_accessibility,medium,f,closed,none,none,"cash, VISA, MasterCard-Eurocard, American_Express",Mexican
135026,la Cantina,22.148665,-101.00127,Capitan Caldera No. 420 Tequisqueapan,San Luis Potosi,SLP,Mexico,Full_Bar,none,informal,no_accessibility,high,f,closed,none,none,any,"Bar, Bar_Pub_Brewery"
135027,Restaurant Orizatlan,22.147145,-100.97449,Pascual M. Hernandez 240,San Luis Potosi,SLP,Mexico,Wine-Beer,none,informal,no_accessibility,medium,f,closed,none,none,"cash, VISA, MasterCard-Eurocard, American_Express",Mexican
135028,La Virreina,22.146658,-100.98722,Av. Carranza 830,San Luis Potosi,SLP,Mexico,Wine-Beer,none,informal,no_accessibility,medium,f,closed,none,none,"cash, VISA, MasterCard-Eurocard, American_Express",Mexican
135030,Preambulo Wifi Zone Cafe,22.14788,-100.98947,Anahuac 805,San Luis Potosi,SLP,Mexico,No_Alcohol_Served,none,informal,no_accessibility,medium,f,closed,Internet,none,cash,"Cafe-Coffee_Shop, Cafeteria"
135032,Cafeteria y Restaurant El Pacifico,22.152481,-100.97349,Constitucion 200 Centro,San Luis Potosi,SLP,Mexico,Wine-Beer,section,informal,no_accessibility,medium,f,closed,none,public,"cash, VISA, MasterCard-Eurocard","Cafeteria, Contemporary"
135033,Restaurant El Muladar de Calzada,22.14161,-100.97314,De Guadalupe 460 San Miguelito,San Luis Potosi,SLP,Mexico,No_Alcohol_Served,section,informal,no_accessibility,medium,f,closed,none,none,"cash, VISA, MasterCard-Eurocard, American_Express",
135034,Michiko Restaurant Japones,22.140517,-101.02142,Cordillera de Los Alpes 160 Lomas 2 Seccion,San Luis Potosi,SLP,Mexico,No_Alcohol_Served,none,informal,no_accessibility,medium,f,closed,none,none,"cash, VISA, MasterCard-Eurocard, American_Express",Japanese
135035,El Mundo de la Pasta,22.145813,-101.01803,Rio Papaloapan 265 Lomas de San Luis (3),San Luis Potosi,SLP,Mexico,No_Alcohol_Served,section,informal,no_accessibility,high,f,closed,none,yes,"cash, VISA, MasterCard-Eurocard, American_Express",Italian
135038,Restaurant la Chalita,22.155651,-100.97777,Guajardo Sn San Luis Potosi Centro,San Luis Potosi,SLP,Mexico,No_Alcohol_Served,section,informal,no_accessibility,medium,f,closed,none,none,cash,
135039,Restaurant de Mariscos de Picon,22.145893,-100.97487,Miguel Barragan 46 Centro,San Luis Potosi,SLP,Mexico,No_Alcohol_Served,section,informal,no_accessibility,low,f,closed,none,yes,cash,Seafood
135040,Restaurant los Compadres,22.135617,-100.96971,Camino a Simon Diaz 155 Centro,San Luis Potosi,SLP,Mexico,Wine-Beer,none,informal,no_accessibility,high,f,closed,none,yes,"cash, VISA, MasterCard-Eurocard",
135041,Luna Cafe,22.15106,-100.97766,Francisco I. Madero 215,San Luis Potosi,SLP,Mexico,Wine-Beer,none,informal,no_accessibility,medium,f,closed,none,none,cash,"Bar, Cafeteria"
135042,Restaurant Oriental Express,22.159357,-100.97341,Tangamanga 7 Tangamanga,San Luis Potosi,SLP,Mexico,No_Alcohol_Served,none,informal,no_accessibility,medium,f,closed,none,none,cash,Chinese
135043,pizza clasica,22.185756,-100.94452,524 Soledad de Graciano Sanchez,Soledad,SLP,Mexico,No_Alcohol_Served,none,informal,no_accessibility,medium,f,closed,none,none,cash,"Fast_Food, Pizzeria"
135044,Restaurant Wu Zhuo Yi,22.141848,-100.99748,Himno Nacional 100 Avenida,San Luis Potosi,SLP,Mexico,No_Alcohol_Served,none,informal,no_accessibility,medium,f,closed,none,none,cash,Chinese
135045,Restaurante la Gran Via,22.151189,-100.98179,Venustiano Carranza 560 Centro,San Luis Potosi,SLP,Mexico,Wine-Beer,none,casual,no_accessibility,high,f,closed,none,yes,"cash, VISA, MasterCard-Eurocard, American_Express",
135046,Restaurante El Reyecito,22.141282,-101.00296,Agricultura 595 del Valle,San Luis Potosi,SLP,Mexico,No_Alcohol_Served,none,informal,no_accessibility,medium,f,closed,none,yes,"cash, VISA, MasterCard-Eurocard",Fast_Food
135047,Restaurante Casa de las Flores,22.150921,-100.99383,General Mariano Arista 1205 Barrio de Tequisquiap,San Luis Potosi,SLP,Mexico,Wine-Beer,section,informal,no_accessibility,high,f,closed,none,yes,"cash, VISA, MasterCard-Eurocard",
135048,Restaurante Bar Fu-hao,22.142017,-100.99925,Jesus Goytortua 390 Tangamanga,San Luis Potosi,SLP,Mexico,Wine-Beer,none,informal,no_accessibility,high,f,closed,none,yes,"cash, VISA, MasterCard-Eurocard, American_Express",Bar
135049,Restaurante de Mariscos la Langosta,22.135011,-101.0286,Cordillera de Los Alpes 675 Loma Verde,San Luis Potosi,SLP,Mexico,No_Alcohol_Served,none,informal,no_accessibility,medium,f,closed,none,none,cash,Seafood
135050,Restaurante la Estrella de Dima,22.174887,-100.97083,Soledad Sn Arboledas de Soledad,Soledad,SLP,Mexico,Wine-Beer,none,informal,no_accessibility,high,f,closed,none,yes,"cash, VISA, MasterCard-Eurocard, American_Express",
135051,Restaurante Versalles,22.151189,-100.97706,Francisco I. Madero 145 Centro,San Luis Potosi,SLP,Mexico,No_Alcohol_Served,section,informal,no_accessibility,low,f,closed,none,none,cash,
135052,La Cantina Restaurante,22.150981,-100.97741,Ignacio Aldama 300 Centro,San Luis Potosi,SLP,Mexico,Full_Bar,none,informal,no_accessibility,high,f,closed,none,none,"cash, VISA, MasterCard-Eurocard","Bar, Bar_Pub_Brewery"
135053,La Fontana Pizza Restaurante and Cafe,22.178931,-101.01286,Satelite 606 Satelite,San Luis Potosi,SLP,Mexico,No_Alcohol_Served,section,informal,no_accessibility,high,f,closed,none,yes,"cash, VISA, MasterCard-Eurocard, American_Express","Cafeteria, Fast_Food, Pizzeria"
135054,Restaurante y Pescaderia Tampico,22.140626,-100.91566,Ricardo B. Anaya 2700 Estrella de Oriente,San Luis Potosi,SLP,Mexico,No_Alcohol_Served,none,informal,no_accessibility,high,f,closed,none,yes,"cash, VISA, MasterCard-Eurocard",Seafood
135055,la Cochinita Pibil Restaurante Yucateco,22.148854,-101.00847,Venustiano Carranza 2175 Jardin,San Luis Potosi,SLP,Mexico,No_Alcohol_Served,section,informal,no_accessibility,high,f,closed,none,yes,"cash, VISA, MasterCard-Eurocard, American_Express",Mexican
135057,El Herradero Restaurante and Bar,22.145992,-100.95512,Costado Sur Central Camionera Km 2,San Luis Potosi,SLP,Mexico,Wine-Beer,section,informal,no_accessibility,medium,f,closed,none,yes,"cash, VISA, MasterCard-Eurocard, American_Express",Bar
135058,Restaurante Tiberius,22.165587,-101.00127,Munoz Sn Centro,San Luis Potosi,SLP,Mexico,No_Alcohol_Served,none,informal,no_accessibility,medium,t,closed,none,public,"cash, VISA, MasterCard-Eurocard",Pizzeria
135059,Restaurant Bar Hacienda los Martinez,22.145108,-100.98955,Santos Degollado 745 los Alamitos,San Luis Potosi,SLP,Mexico,Wine-Beer,section,informal,no_accessibility,medium,f,closed,none,yes,cash,Bar
135060,Restaurante Marisco Sam,22.156883,-100.97849,Ignacio Allende 785 Centro,San Luis Potosi,SLP,Mexico,No_Alcohol_Served,none,informal,no_accessibility,medium,f,closed,none,none,cash,Seafood
135062,Restaurante El Cielo Potosino,22.153703,-100.97903,Julian de Los Reyes 400 Centro,San Luis Potosi,SLP,Mexico,No_Alcohol_Served,none,informal,no_accessibility,medium,f,closed,none,yes,cash,
135063,Restaurante Alhondiga,22.156724,-100.97556,Alhondiga 62 Centro,San Luis Potosi,SLP,Mexico,No_Alcohol_Served,none,informal,no_accessibility,medium,f,closed,none,none,cash,
135064,Restaurante El Chivero S.A. de C.V.,22.154687,-100.99662,Angel Veral 328 Altamira,San Luis Potosi,SLP,Mexico,No_Alcohol_Served,none,informal,no_accessibility,high,f,closed,none,yes,"cash, VISA, MasterCard-Eurocard",
135065,El angel Restaurante,22.14958,-100.99956,Venustiano Carranza 1625 Jardin,San Luis Potosi,SLP,Mexico,Wine-Beer,section,informal,no_accessibility,high,f,closed,none,none,"cash, VISA, MasterCard-Eurocard, American_Express",
135066,Restaurante Guerra,22.16835,-100.97247,20 de Noviembre 1817 Tlaxcala,San Luis Potosi,SLP,Mexico,Wine-Beer,section,informal,no_accessibility,high,f,closed,none,yes,"cash, VISA, MasterCard-Eurocard",
135069,Abondance Restaurante Bar,22.140129,-100.94487,Industrias 908 Valle Dorado,San Luis Potosi,SLP,Mexico,Wine-Beer,none,informal,no_accessibility,low,f,closed,none,yes,cash,Bar
135070,Restaurante 75,22.152918,-100.91516,Villa de Pozos 4497 Villa de Pozos,San Luis Potosi,SLP,Mexico,No_Alcohol_Served,none,informal,no_accessibility,medium,f,closed,none,yes,cash,
135071,Restaurante la Cantina,22.126375,-100.91093,De La Estrella 2005 Estrella de Oriente,San Luis Potosi,SLP,Mexico,Full_Bar,section,informal,no_accessibility,medium,f,closed,none,yes,"cash, VISA, MasterCard-Eurocard, American_Express","Bar, Bar_Pub_Brewery"
135072,Sushi Itto,22.149192,-101.00294,Venustiano Carranza 1809 C Polanco,San Luis Potosi,SLP,Mexico,No_Alcohol_Served,none,informal,no_accessibility,medium,f,closed,none,none,"cash, VISA, MasterCard-Eurocard, American_Express",Japanese
135073,Restaurante Bar El Gallinero,22.147175,-100.97427,Pascual M. Hernandez 210 Centro,San Luis Potosi,SLP,Mexico,Wine-Beer,section,informal,no_accessibility,high,f,closed,none,yes,"cash, VISA, MasterCard-Eurocard","Bar, Bar_Pub_Brewery"
135074,Restaurante la Parroquia Potosina,22.149689,-100.99953,Venustiano Carranza 303 Centro,San Luis Potosi,SLP,Mexico,Wine-Beer,section,informal,no_accessibility,high,f,closed,none,public,"cash, VISA, MasterCard-Eurocard",Contemporary
135075,Mariscos El Pescador,22.139573,-100.99156,Himno Nacional 2104 Tangamanga,San Luis Potosi,SLP,Mexico,No_Alcohol_Served,none,informal,no_accessibility,medium,f,closed,none,yes,cash,Seafood
135076,Restaurante Pueblo Bonito,22.181017,-100.97361,Mexico 2015 Providencia,San Luis Potosi,SLP,Mexico,Wine-Beer,none,informal,no_accessibility,high,f,closed,none,yes,"cash, VISA, MasterCard-Eurocard, American_Express",
135079,Koye Sushi,22.156376,-100.99836,Nereo Rodriguez Barragan 450 E Centro,San Luis Potosi,SLP,Mexico,No_Alcohol_Served,none,informal,no_accessibility,high,f,closed,none,none,"cash, American_Express",Chinese
135080,los Toneles,22.145008,-100.99797,Estatuto Juridico 1040 Burocratas,San Luis Potosi,SLP,Mexico,No_Alcohol_Served,section,informal,no_accessibility,high,f,closed,none,none,"cash, VISA, MasterCard-Eurocard, American_Express",
135081,El Club,22.164842,-100.96049,Mexico 810 Centro,San Luis Potosi,SLP,Mexico,No_Alcohol_Served,none,informal,no_accessibility,medium,f,closed,none,none,"cash, VISA, MasterCard-Eurocard",
135082,la Estrella de Dimas,22.151448,-100.9151,Villa de Pozos 192 Villa de Pozos,San Luis Potosi,SLP,Mexico,No_Alcohol_Served,none,informal,no_accessibility,medium,f,closed,none,none,cash,
135085,Tortas Locas Hipocampo,22.150802,-100.98268,Venustiano Carranza 719 Centro,San Luis Potosi,SLP,Mexico,No_Alcohol_Served,not permitted,informal,no_accessibility,medium,f,closed,none,public,cash,Fast_Food
135086,Mcdonalds Parque Tangamanga,22.141421,-101.01396,Lateral Salvador Nava Martinez 3145,San Luis Potosi,SLP,Mexico,No_Alcohol_Served,not permitted,informal,no_accessibility,medium,t,closed,none,yes,"cash, VISA, MasterCard-Eurocard","Burgers, Fast_Food"
135088,Cafeteria cenidet,18.8760113,-99.21989,Interior Internado Palmira SN,Cuernavaca,Morelos,Mexico,No_Alcohol_Served,not permitted,informal,no_accessibility,low,f,closed,none,public,cash,Cafeteria
135104,vips,23.7529821,-99.168434,?,?,?,Mexico,Full_Bar,not permitted,informal,completely,medium,t,closed,variety,yes,"cash, VISA, MasterCard-Eurocard",Mexican
135106,El Rinc�n de San Francisco,22.1497088,-100.97609,Universidad 169,San Luis Potosi,San Luis Potosi,Mexico,Wine-Beer,only at bar,informal,partially,medium,f,open,none,none,"cash, VISA, MasterCard-Eurocard",Mexican
135108,Potzocalli,22.1362534,-100.93359,Carretera Central Sn,San Luis Potosi,?,Mexico,No_Alcohol_Served,none,informal,completely,low,f,closed,none,none,any,
135109,Paniroles,18.9217848,-99.23535,?,?,?,Mexico,Wine-Beer,not permitted,informal,no_accessibility,medium,f,closed,Internet,none,cash,Italian