_id,location latitude,location longitude,personalTraits birthYear,personalTraits weight,personalTraits height,personalTraits maritalStatus,personality interest,personality typeOfWorker,personality favColor,personality drinkLevel,preferences budget,preferences smoker,preferences dressPreference,preferences ambience,preferences transport,otherDemographics religion,otherDemographics employment,favCuisines,favPaymentMethod
1001,22.139997,-100.9788,1989,69,1.77,single,variety,thrifty-protector,black,abstemious,medium,FALSE,informal,family,on foot,none,student,American,cash
1002,22.150087,-100.98333,1990,40,1.87,single,technology,hunter-ostentatious,red,abstemious,low,FALSE,informal,family,public,Catholic,student,Mexican,cash
1003,22.119847,-100.94653,1989,60,1.69,single,none,hard-worker,blue,social drinker,low,FALSE,formal,family,public,Catholic,student,Mexican,cash
1004,18.867,-99.183,1940,44,1.53,single,variety,hard-worker,green,abstemious,medium,FALSE,informal,family,public,none,professional,"Bakery, Breakfast-Brunch, Japanese, Contemporary, Mexican, Bagels, Cafe-Coffee_Shop, Continental-European, Cafeteria","cash, bank_debit_cards"
1005,22.183477,-100.95989,1992,65,1.69,single,none,thrifty-protector,black,abstemious,medium,FALSE,no preference,family,public,Catholic,student,American,cash
1006,22.15,-100.983,1989,75,1.8,single,variety,hard-worker,blue,social drinker,medium,TRUE,no preference,friends,car owner,none,student,Mexican,cash
1007,22.118464,-100.93826,1989,60,1.59,single,variety,thrifty-protector,purple,casual drinker,low,FALSE,informal,solitary,public,Catholic,student,Family,cash
1008,22.122989,-100.92381,1989,68,1.72,single,technology,hard-worker,green,social drinker,low,FALSE,formal,solitary,public,Catholic,student,"Cafe-Coffee_Shop, Mexican, Juice, Hawaiian, Hot_Dogs, Latin_American, Korean, American, Cafeteria, Italian",cash
1009,22.159427,-100.99045,1991,75,1.78,single,variety,thrifty-protector,green,abstemious,medium,FALSE,formal,family,on foot,Catholic,student,"Diner, Fast_Food, Family, Cafe-Coffee_Shop, Deli-Sandwiches, Cafeteria, Mexican",cash
1010,22.190889,-100.99867,1987,40,1.67,married,technology,hard-worker,green,social drinker,medium,FALSE,no preference,friends,car owner,none,student,Mexican,cash
1011,23.724972,-99.152856,1989,68,1.78,single,variety,hard-worker,purple,abstemious,medium,FALSE,no preference,family,public,Catholic,student,Mexican,cash
1012,18.813348,-99.243697,1988,98,1.84,single,technology,hard-worker,red,casual drinker,medium,FALSE,formal,family,public,Catholic,student,Latin_American,"cash, bank_debit_cards"
1013,22.174624,-100.99387,1982,80,1.75,widow,retro,thrifty-protector,blue,abstemious,medium,FALSE,no preference,friends,public,none,professional,Japanese,"MasterCard-Eurocard, cash"
1014,23.751607,-99.170108,1990,53,1.69,single,none,hard-worker,blue,abstemious,medium,FALSE,,friends,public,Catholic,student,"Japanese, Fast_Food",cash
1015,22.12676,-100.90521,1989,87,1.67,single,technology,thrifty-protector,black,social drinker,medium,TRUE,informal,family,public,Catholic,student,Mexican,cash
1016,22.156247,-100.9774,1991,70,1.67,single,eco-friendly,thrifty-protector,green,casual drinker,medium,FALSE,informal,friends,on foot,Catholic,student,"Cafe-Coffee_Shop, Contemporary, Regional, Fusion, Japanese, Portuguese, American, Indian-Pakistani, Eastern_European, Lebanese, Moroccan, Barbecue, Polynesian, Polish",cash
1017,18.952615,-99.201616,1991,79,1.79,single,retro,hunter-ostentatious,orange,casual drinker,medium,FALSE,formal,family,public,none,professional,Chinese,"cash, VISA"
1018,22.190949,-100.9179,1989,65,1.83,single,technology,thrifty-protector,blue,casual drinker,low,TRUE,formal,friends,public,Christian,student,Mexican,cash
1019,22.153385,-100.97529,1989,59,1.6,single,variety,thrifty-protector,purple,casual drinker,medium,FALSE,no preference,family,public,Catholic,student,Family,cash
1020,18.878189,-99.222969,1982,40,1.68,single,technology,hard-worker,blue,abstemious,medium,FALSE,no preference,friends,public,Catholic,professional,Mexican,"cash, bank_debit_cards"
1021,23.730569,-99.171883,1984,108,1.62,single,none,hard-worker,purple,social drinker,medium,FALSE,no preference,family,car owner,Catholic,student,"Pizzeria, Regional, Chinese, Burgers",cash
1022,22.146708,-100.96436,1990,46,1.54,single,variety,hard-worker,purple,casual drinker,medium,FALSE,formal,family,car owner,Catholic,student,Mexican,cash
1023,23.752943,-99.166589,1988,103,1.79,single,none,hard-worker,blue,casual drinker,low,FALSE,informal,friends,car owner,Catholic,student,Mexican,cash
1024,22.154021,-100.97603,1930,40,1.2,,none,hard-worker,yellow,abstemious,,,,,,none,,Afghan,
1025,22.125603,-100.90784,1990,65,1.79,single,none,thrifty-protector,red,social drinker,medium,FALSE,no preference,family,public,Catholic,student,Mexican,
1026,23.733,-99.133,1989,49,1.55,single,technology,hunter-ostentatious,red,abstemious,medium,FALSE,formal,family,public,Catholic,student,Mexican,"cash, bank_debit_cards"
1027,22.16515,-100.98702,1989,60,1.65,single,retro,thrifty-protector,purple,social drinker,low,TRUE,no preference,public,Catholic,student,Family,cash,
1028,23.752874,-99.169242,1989,77,1.63,single,variety,hard-worker,blue,abstemious,medium,FALSE,no preference,family,public,Christian,student,Mexican,cash
1029,22.151796,-100.98908,1990,58,1.6,single,variety,conformist,white,casual drinker,low,TRUE,formal,family,public,Catholic,student,Mexican,cash
1030,18.844818,-99.182758,1991,64,1.75,single,eco-friendly,hard-worker,black,casual drinker,medium,FALSE,formal,family,on foot,Catholic,student,Mexican,cash
1031,23.735698,-99.159851,1992,40,1.6,married,none,hard-worker,white,abstemious,medium,FALSE,informal,solitary,,Catholic,unemployed,Mexican,"cash, American_Express"
1032,22.169184,-100.98684,1989,40,1.75,single,variety,hard-worker,blue,abstemious,medium,FALSE,formal,family,public,Catholic,student,Mexican,cash
1033,22.15,-100.983,1991,54,1.6,single,none,hard-worker,yellow,social drinker,low,FALSE,no preference,family,on foot,none,student,Mexican,cash
1034,22.137178,-101.01317,1990,50,1.58,single,technology,thrifty-protector,yellow,casual drinker,medium,FALSE,informal,family,public,Catholic,student,Mexican,cash
1035,18.839671,-99.223897,1985,69,1.75,single,variety,hunter-ostentatious,red,casual drinker,medium,TRUE,no preference,friends,car owner,none,student,Family,"cash, VISA"
1036,22.160572,-100.98942,1991,76,1.7,single,none,hard-worker,blue,social drinker,medium,FALSE,informal,family,public,Catholic,student,Mexican,cash
1037,22.15031,-100.90054,1990,52,1.5,single,variety,thrifty-protector,blue,social drinker,low,FALSE,no preference,family,public,Catholic,student,Mexican,cash
1038,22.125786,-100.94371,1930,97,1.83,single,variety,thrifty-protector,blue,social drinker,low,TRUE,no preference,family,public,Catholic,student,Mexican,cash
1039,23.738067,-99.139906,1989,83,1.73,single,none,hard-worker,yellow,social drinker,medium,FALSE,no preference,friends,,none,student,Regional,cash
1040,18.895187,-99.18039,1994,73,1.64,single,none,thrifty-protector,blue,abstemious,medium,FALSE,no preference,friends,public,Catholic,student,Pizzeria,cash
1041,18.935191,-99.23624,1985,40,1.62,single,eco-friendly,hunter-ostentatious,white,abstemious,medium,FALSE,no preference,friends,on foot,Catholic,professional,Contemporary,"bank_debit_cards, cash, American_Express, VISA"
1042,18.925773,-99.219589,1943,40,1.4,single,technology,thrifty-protector,yellow,abstemious,high,FALSE,no preference,family,car owner,Christian,student,Mexican,bank_debit_cards
1043,23.77103,-99.167082,1989,60,1.64,single,technology,hard-worker,white,abstemious,medium,FALSE,no preference,solitary,public,none,student,Latin_American,cash
1044,18.95298,-99.260789,1969,85,1.73,married,variety,thrifty-protector,orange,social drinker,medium,TRUE,informal,family,car owner,Catholic,professional,Mexican,"VISA, bank_debit_cards, cash, MasterCard-Eurocard"
1045,22.156724,-100.98427,1991,68,1.6,single,technology,thrifty-protector,orange,casual drinker,high,FALSE,elegant,friends,car owner,Mormon,student,"Middle_Eastern, Mexican, Mongolian, Moroccan",cash
1046,22.144415,-100.9331,1990,82,1.84,single,retro,hard-worker,black,social drinker,medium,FALSE,no preference,friends,car owner,Catholic,student,Bar,cash
1047,22.142429,-100.94915,1992,60,1.63,single,retro,thrifty-protector,purple,abstemious,medium,FALSE,no preference,family,public,Catholic,student,American,cash
1048,22.142208,-101.02279,1988,65,1.7,single,eco-friendly,thrifty-protector,green,casual drinker,medium,TRUE,no preference,public,none,student,Mexican,cash,
1049,22.15,-100.983,1991,55,1.6,single,none,hard-worker,blue,casual drinker,FALSE,informal,solitary,public,none,student,Mexican,cash,
1050,23.758815,-99.171216,1989,73,1.71,single,variety,hard-worker,green,social drinker,medium,FALSE,no preference,family,car owner,none,student,Mexican,cash
1051,18.877719,-99.22299,1979,74,1.76,single,variety,thrifty-protector,blue,casual drinker,medium,FALSE,no preference,family,public,none,professional,Mexican,"VISA, cash"
1052,22.138055,-100.93601,1990,85,1.8,single,none,conformist,blue,social drinker,low,TRUE,no preference,family,on foot,Catholic,student,Bakery,cash
1053,22.175833,-100.98667,1990,66,1.72,single,variety,thrifty-protector,red,casual drinker,low,FALSE,informal,family,public,Catholic,student,Mexican,cash
1054,22.150683,-100.97534,1992,59,1.7,single,technology,thrifty-protector,blue,social drinker,medium,FALSE,formal,family,public,Catholic,student,Mexican,cash
1055,22.143289,-100.98768,1952,70,1.66,married,none,hard-worker,blue,abstemious,medium,FALSE,no preference,family,car owner,Catholic,professional,Breakfast-Brunch,cash
1056,22.168997,-100.97438,1930,61,1.62,single,none,hard-worker,yellow,social drinker,medium,FALSE,informal,family,on foot,Catholic,student,Mexican,cash
1057,22.196624,-100.91217,1989,69,1.83,single,technology,hunter-ostentatious,yellow,casual drinker,medium,TRUE,formal,friends,public,Catholic,student,American,"cash, VISA"
1058,22.205802,-100.98608,1991,74,1.78,single,variety,hard-worker,red,abstemious,low,FALSE,formal,family,public,Catholic,student,Cuban,cash
1059,18.988278,-99.097023,1987,57,1.69,single,technology,thrifty-protector,blue,abstemious,medium,FALSE,formal,friends,on foot,Catholic,student,Mexican,cash
1060,23.715238,-99.158864,1991,82,1.84,single,technology,thrifty-protector,blue,casual drinker,medium,FALSE,formal,family,public,Catholic,student,"Burgers, Cafeteria, Pizzeria, Juice, American, Tex-Mex, Spanish, Mexican, Fast_Food, Cafe-Coffee_Shop, Soup, Hot_Dogs, Italian",cash
1061,22.140388,-100.93732,1990,40,1.76,single,none,hard-worker,blue,social drinker,medium,FALSE,no preference,friends,car owner,Catholic,professional,Mexican,"cash, bank_debit_cards"
1062,22.195826,-101.00632,1985,88,1.68,single,variety,hard-worker,yellow,casual drinker,medium,FALSE,informal,friends,car owner,Catholic,student,Mexican,"VISA, cash"
1063,23.745096,-99.164357,1988,80,1.78,single,eco-friendly,conformist,red,casual drinker,medium,FALSE,formal,family,public,Catholic,student,Mexican,cash
1064,22.139511,-100.957,1991,94,1.77,single,variety,hunter-ostentatious,blue,casual drinker,medium,FALSE,formal,solitary,public,none,student,Mexican,cash
1065,23.733665,-99.105617,1989,55,1.72,single,technology,conformist,green,abstemious,medium,FALSE,formal,friends,public,Catholic,student,Mexican,cash
1066,18.890695,-99.157104,1986,45,1.45,single,technology,thrifty-protector,green,abstemious,low,FALSE,informal,solitary,public,Catholic,student,Mexican,"cash, bank_debit_cards"
1067,23.752269,-99.168605,1987,92,1.73,single,technology,thrifty-protector,green,abstemious,medium,FALSE,no preference,family,public,Christian,student,Mexican,cash
1068,23.752269,-99.168605,1988,72,1.57,single,technology,thrifty-protector,blue,casual drinker,low,FALSE,informal,friends,public,Catholic,student,Mexican,cash
1069,19.347641,-99.130229,1983,60,1.56,single,variety,thrifty-protector,black,social drinker,medium,FALSE,no preference,family,public,Catholic,professional,Mexican,"MasterCard-Eurocard, cash"
1070,23.753237,-99.166868,1991,47,1.6,single,variety,thrifty-protector,green,casual drinker,low,FALSE,informal,friends,public,Catholic,student,Mexican,cash
1071,22.154339,-100.97534,1930,40,1.73,single,none,hunter-ostentatious,blue,abstemious,high,FALSE,formal,friends,car owner,none,student,Mexican,cash
1072,18.86826,-99.212033,1984,50,1.54,single,eco-friendly,thrifty-protector,red,casual drinker,medium,FALSE,no preference,family,public,Christian,student,Mexican,"bank_debit_cards, cash"
1073,22.15,-100.983,1989,118,1.79,widow,none,hard-worker,yellow,abstemious,medium,FALSE,informal,solitary,car owner,none,unemployed,American,cash
1074,18.917,-99.25,1967,68,1.7,single,eco-friendly,hard-worker,black,casual drinker,medium,TRUE,no preference,family,car owner,Catholic,professional,Sushi,"bank_debit_cards, cash"
1075,22.167575,-100.96036,1991,68,1.6,single,technology,thrifty-protector,white,casual drinker,medium,FALSE,informal,family,car owner,Catholic,student,Mexican,cash
1076,22.156469,-100.98554,1987,65,1.71,married,technology,thrifty-protector,blue,social drinker,medium,FALSE,elegant,family,public,Catholic,student,Mexican,"VISA, cash, bank_debit_cards"
1077,22.156469,-100.98554,1987,65,1.71,married,technology,thrifty-protector,blue,social drinker,medium,FALSE,elegant,family,public,Catholic,student,Mexican,"VISA, cash, bank_debit_cards"
1078,22.172109,-100.9632,1983,69,1.69,single,variety,hard-worker,blue,social drinker,medium,TRUE,informal,solitary,car owner,Catholic,professional,Mexican,"VISA, bank_debit_cards, cash"
1079,18.917,-99.25,1992,53,1.55,single,technology,thrifty-protector,black,abstemious,medium,FALSE,formal,family,public,Catholic,,Mexican,cash
1080,23.743793,-99.163397,1987,80,1.82,single,variety,hard-worker,white,social drinker,low,TRUE,formal,friends,car owner,Catholic,student,Mexican,cash
1081,22.207749,-100.94238,1991,52,1.54,single,variety,hard-worker,green,casual drinker,low,FALSE,informal,family,public,Catholic,student,Mexican,cash
1082,23.753061,-99.166095,1989,63,1.69,single,variety,hard-worker,black,abstemious,medium,TRUE,informal,friends,public,Catholic,student,Mexican,cash
1083,22.13392,-101.02837,1981,40,1.6,,none,hard-worker,yellow,abstemious,,FALSE,,,,none,,Mexican,cash
1084,22.172524,-101.00576,1991,65,1.6,single,variety,thrifty-protector,red,casual drinker,medium,TRUE,formal,family,public,Catholic,student,Mexican,cash
1085,22.196787,-100.93634,1988,84,1.7,single,technology,thrifty-protector,black,abstemious,,FALSE,no preference,solitary,car owner,Catholic,student,Mexican,cash
1086,22.157281,-100.98444,1991,49,1.59,single,variety,hunter-ostentatious,red,social drinker,medium,FALSE,no preference,family,car owner,Catholic,student,Italian,"VISA, bank_debit_cards, cash"
1087,23.753336,-99.167984,1989,53,1.55,single,variety,thrifty-protector,black,abstemious,medium,FALSE,no preference,solitary,public,Catholic,student,Chinese,cash
1088,22.142748,-100.94066,1991,62,1.6,single,none,hard-worker,blue,social drinker,medium,FALSE,informal,family,on foot,Catholic,student,Mexican,
1089,22.162562,-100.99313,1990,54,1.6,single,variety,conformist,white,casual drinker,low,TRUE,informal,family,public,Catholic,student,Mexican,cash
1090,22.158473,-100.98427,1988,50,1.54,single,variety,thrifty-protector,blue,social drinker,medium,FALSE,no preference,friends,car owner,Catholic,student,Tex-Mex,cash
1091,22.154677,-100.94901,1989,40,1.7,single,eco-friendly,thrifty-protector,red,casual drinker,low,FALSE,no preference,family,car owner,none,student,"American, Mexican",cash
1092,22.125365,-100.94789,1990,70,1.69,single,variety,thrifty-protector,red,abstemious,medium,FALSE,formal,solitary,public,Catholic,,Game,cash
1093,18.871654,-99.183251,1990,80,1.67,single,variety,thrifty-protector,blue,casual drinker,medium,TRUE,no preference,family,car owner,Catholic,student,Japanese,"American_Express, VISA"
1094,23.73944,-99.160548,1991,59,1.71,single,variety,thrifty-protector,green,abstemious,medium,FALSE,informal,friends,public,Catholic,student,Mexican,cash
1095,22.179865,-101.01855,1986,65,1.65,married,variety,thrifty-protector,blue,abstemious,medium,FALSE,formal,family,public,Catholic,student,Italian,cash
1096,22.1455,-100.93959,1990,40,1.2,single,eco-friendly,hard-worker,black,abstemious,medium,FALSE,formal,family,public,Catholic,student,Mexican,cash
1097,22.145471,-100.93959,1990,58,1.64,single,variety,hard-worker,black,abstemious,medium,FALSE,formal,family,public,Catholic,student,Mexican,cash
1098,22.182571,-100.96323,1991,68,1.76,single,none,thrifty-protector,green,social drinker,medium,FALSE,formal,family,public,Catholic,student,Mexican,cash
1099,22.184862,-100.97054,1989,70,2,single,technology,conformist,purple,social drinker,high,TRUE,informal,family,public,Catholic,student,Mexican,"cash, VISA"
1100,18.879729,-99.067106,1990,40,1.65,single,eco-friendly,hard-worker,black,casual drinker,medium,FALSE,formal,friends,public,Christian,student,Mexican,cash
1101,22.150891,-100.97489,1988,50,1.69,single,eco-friendly,hunter-ostentatious,white,casual drinker,low,FALSE,no preference,friends,car owner,Catholic,student,"Chinese, Italian, Doughnuts, Afghan, Mexican, Burgers, Latin_American, Contemporary, Cafe-Coffee_Shop, Family, Cafeteria, Bar, Australian, Hot_Dogs, Diner",cash
1102,22.137131,-100.94115,1989,90,1.78,single,eco-friendly,conformist,black,social drinker,low,FALSE,no preference,friends,on foot,none,student,Pizzeria,cash
1103,23.752265,-99.16859,1989,120,1.9,single,technology,hard-worker,green,abstemious,medium,FALSE,formal,friends,public,Jewish,professional,Mexican,"cash, bank_debit_cards"
1104,22.149005,-100.97815,1991,75,1.71,single,technology,hunter-ostentatious,blue,social drinker,medium,TRUE,no preference,family,car owner,Catholic,student,Italian,"VISA, cash"
1105,22.120019,-100.95099,1991,40,1.74,single,variety,hard-worker,green,social drinker,medium,FALSE,formal,family,public,Christian,student,Cafeteria,cash
1106,18.927072,-99.173584,1930,65,1.71,single,technology,hard-worker,blue,casual drinker,medium,FALSE,informal,friends,car owner,Catholic,professional,Barbecue,"bank_debit_cards, cash"
1107,23.742409,-99.171889,1989,87,1.79,single,variety,hard-worker,blue,abstemious,high,FALSE,no preference,friends,car owner,Catholic,,Mexican,"bank_debit_cards, cash"
1108,22.143524,-100.98756,1983,76,1.81,single,technology,thrifty-protector,blue,abstemious,medium,FALSE,informal,solitary,public,Catholic,student,"Cafe-Coffee_Shop, Sushi, Latin_American, Deli-Sandwiches, Mexican, Hot_Dogs, American, Fast_Food, Burgers, Asian, Pizzeria, Chinese, Dessert-Ice_Cream, Cafeteria, Japanese, Game, Family, Seafood","VISA, cash, MasterCard-Eurocard"
1109,22.303308,-101.05468,1989,57,1.72,single,eco-friendly,thrifty-protector,blue,abstemious,low,FALSE,formal,solitary,public,Catholic,student,Mexican,cash
1110,18.871678,-99.183263,1993,85,1.75,single,variety,thrifty-protector,red,abstemious,medium,FALSE,no preference,family,car owner,Catholic,student,Mexican,cash
1111,22.143078,-100.90852,1991,69,1.69,single,none,hard-worker,white,casual drinker,medium,TRUE,formal,friends,car owner,Catholic,student,Mexican,cash
1112,22.143078,-100.90852,1991,69,1.69,single,none,hard-worker,white,casual drinker,medium,TRUE,formal,friends,car owner,Catholic,student,Mexican,cash
1113,22.137343,-100.91394,1990,75,1.73,single,none,thrifty-protector,blue,casual drinker,medium,FALSE,formal,family,public,Catholic,student,Burgers,"VISA, cash"
1114,22.177726,-101.01409,1991,58,1.68,single,variety,hard-worker,blue,abstemious,medium,FALSE,no preference,family,on foot,Catholic,student,Mexican,cash
1115,22.138127,-100.92051,1990,76,1.76,single,variety,hard-worker,green,social drinker,low,TRUE,elegant,friends,public,Catholic,student,Regional,cash
1116,22.156469,-100.98554,1987,40,1.71,married,technology,thrifty-protector,blue,social drinker,medium,FALSE,formal,family,public,Catholic,student,Mexican,"cash, bank_debit_cards, VISA"
1117,18.875641,-99.220737,1982,58,1.6,single,technology,thrifty-protector,blue,abstemious,medium,FALSE,no preference,friends,public,Catholic,professional,Turkish,"bank_debit_cards, cash"
1118,18.940062,-99.228172,1987,60,1.68,single,technology,thrifty-protector,black,casual drinker,medium,TRUE,informal,friends,public,none,student,Pizzeria,cash
1119,18.96479,-99.260017,1992,68,1.68,single,eco-friendly,thrifty-protector,blue,abstemious,medium,FALSE,formal,family,public,Catholic,student,Mexican,cash
1120,22.121857,-100.90428,1930,47,1.57,single,variety,hard-worker,green,abstemious,low,FALSE,informal,friends,public,none,student,Mexican,cash
1121,18.871674,-99.183253,1987,90,1.6,married,variety,thrifty-protector,black,social drinker,medium,FALSE,no preference,family,public,Catholic,working-class,Mexican,"cash, bank_debit_cards"
1122,22.169601,-100.99182,1930,40,1.2,,none,hard-worker,yellow,abstemious,,,,,,none,,Afghan,
1123,23.753112,-99.168567,1987,110,1.75,single,technology,hard-worker,green,abstemious,medium,FALSE,informal,family,,Catholic,student,Mexican,cash
1124,22.137072,-100.91887,1991,51,1.2,single,none,hard-worker,blue,casual drinker,low,FALSE,informal,friends,public,Catholic,student,Mexican,cash
1125,22.19204,-100.95694,1990,57,1.67,single,technology,hard-worker,white,casual drinker,low,FALSE,formal,friends,public,Catholic,student,Mexican,cash
1126,22.15421,-100.94223,1990,65,1.63,single,technology,hard-worker,purple,casual drinker,low,FALSE,formal,friends,on foot,Catholic,student,Mexican,cash
1127,18.943935,-99.206532,1992,65,1.76,single,variety,hard-worker,black,abstemious,low,FALSE,no preference,solitary,public,Catholic,student,Mexican,cash
1128,22.187236,-100.99421,1986,66,1.72,single,variety,thrifty-protector,red,casual drinker,low,FALSE,no preference,friends,public,Catholic,student,"Cafeteria, Hot_Dogs, Pizzeria, Mexican",cash
1129,23.728798,-99.134047,1989,69,1.69,single,variety,thrifty-protector,purple,casual drinker,low,FALSE,no preference,friends,public,none,student,Mexican,cash
1130,23.733,-99.133,1989,40,1.2,,none,hard-worker,yellow,abstemious,,,,,,none,,Mexican,
1131,22.138245,-100.91095,1990,90,1.8,married,eco-friendly,hard-worker,black,social drinker,medium,TRUE,no preference,friends,car owner,none,student,Mexican,cash
1132,22.15,-100.983,1991,55,1.6,single,none,hard-worker,blue,casual drinker,FALSE,informal,solitary,public,none,student,Mexican,cash,
1133,18.886698,-99.114979,1991,60,1.57,single,none,hard-worker,orange,abstemious,medium,FALSE,no preference,family,car owner,none,student,Mexican,"bank_debit_cards, cash"
1134,22.149654,-100.99861,1991,52,1.65,single,variety,hard-worker,black,casual drinker,medium,FALSE,no preference,family,public,Catholic,student,Mexican,cash
1135,22.170396,-100.94994,1988,66,1.54,single,variety,hunter-ostentatious,purple,casual drinker,low,FALSE,informal,family,on foot,Catholic,student,"Organic-Healthy, Steaks, Middle_Eastern, Mediterranean, British, Austrian, Israeli, Doughnuts, Pizzeria, Seafood, Fast_Food, Moroccan, Hot_Dogs, Russian-Ukrainian, Malaysian, Burgers, Fusion, Korean, Japanese, Vegetarian, Turkish, Peruvian, Juice, Tapas, Eclectic, African, Basque, Canadian, Afghan, Diner, Irish, Sushi, Polynesian, Bagels, Tex-Mex, Cuban, Southwestern, Cafe-Coffee_Shop, Continental-European, Family, Indian-Pakistani, Tea_House, International, Pacific_Northwest, Australian, German, Regional, Spanish, Persian, Ethiopian, Romanian, Cambodian, Pacific_Rim, Tunisian, Filipino, Dim_Sum, Breakfast-Brunch, Contemporary, Greek, Thai, Swiss, Bar, Soup, American, Mongolian, Cajun-Creole, Armenian, Indigenous, Bar_Pub_Brewery, Hawaiian, Cafeteria, Lebanese, Chinese, Portuguese, Caribbean, Indonesian, Hungarian, Bakery, Dutch-Belgian, Deli-Sandwiches, Kosher, Fine_Dining, Jamaican, Tibetan, Latin_American, Southeast_Asian, Eastern_European, Mexican, Burmese, California, Game, Italian, Scandinavian, Chilean, Polish, North_African, Asian, Vietnamese, Barbecue, French, Brazilian, Southern, Dessert-Ice_Cream",cash
1136,22.149607,-100.99724,1990,50,1.6,single,retro,thrifty-protector,black,social drinker,low,TRUE,no preference,friends,car owner,Catholic,student,Mexican,cash
1137,22.144803,-100.94462,1989,72,1.78,single,eco-friendly,hard-worker,blue,social drinker,low,FALSE,formal,family,public,Catholic,student,Mexican,cash
1138,22.152884,-100.93966,1991,54,1.55,single,variety,thrifty-protector,blue,social drinker,medium,FALSE,formal,friends,public,none,student,Pizzeria,cash